keyword,frequency,date
vin,2,18-03-2020 01:21:13  18-03-2020 01:41:06  
sai,6,18-03-2020 01:21:23  18-03-2020 01:23:09  18-03-2020 01:23:10  18-03-2020 01:28:57  18-03-2020 01:34:28  18-03-2020 01:38:29  
india,19,18-03-2020 01:23:58  18-03-2020 01:24:00  18-03-2020 01:26:54  18-03-2020 01:27:03  18-03-2020 01:27:24  18-03-2020 01:37:37  18-03-2020 01:39:40  18-03-2020 01:41:13  18-03-2020 01:41:24  18-03-2020 01:42:48  18-03-2020 01:43:18  18-03-2020 01:45:04  18-03-2020 01:50:52  18-03-2020 01:51:28  18-03-2020 01:54:06  18-03-2020 01:55:53  18-03-2020 01:56:36  18-03-2020 02:03:04  18-03-2020 02:08:45  
sd,1,18-03-2020 01:26:36  
sunil,2,18-03-2020 01:40:17  18-03-2020 02:08:50  
canada,4,18-03-2020 01:44:09  18-03-2020 01:50:00  18-03-2020 01:50:57  18-03-2020 01:54:55  
sunny,2,18-03-2020 01:44:21  18-03-2020 01:55:27  
rav,1,18-03-2020 01:44:28  
hindu,1,18-03-2020 01:44:33  
sree,1,18-03-2020 01:44:38  
sri,1,18-03-2020 01:44:42  
william,3,18-03-2020 01:50:06  18-03-2020 01:57:24  18-03-2020 01:58:31  
moosa,3,18-03-2020 01:50:47  18-03-2020 02:09:04  18-03-2020 02:09:26  
williams,7,18-03-2020 02:01:55  18-03-2020 02:02:20  18-03-2020 02:03:50  18-03-2020 02:05:09  18-03-2020 02:06:51  18-03-2020 02:06:53  18-03-2020 02:09:36  
moos,1,18-03-2020 02:08:58  